{
    "position": 
    {
        "x": 0.000152394931413,  //-0.2504603767395,
        "y":-0.0154068824988, // -5.2709980011,
        "z": 0.0
    },
    "orientation": 
    {
        "x": 0.0,
        "y": 0.0,
        "z": -0.00208932936209, //0.999972787533,
        "w": 0.999997817349,//0.00737727546307
    }
}
